,node_id_origin,node_id_dest
0,596236547,36422487
1,268941585,898921170
2,264893964,997634507
3,264893964,3314152322
4,459149509,1464781243
5,268941585,50493623
6,459149509,313043467
7,268941585,1392463587
8,459149509,293199626
9,596236547,312840658
10,1965742650,12872667522
11,5109935753,10803770951
12,1965742650,39551471
13,268941585,308194354
14,5109935753,890501903
15,268941585,308304229
16,596236547,36421409
17,54612612,1851868603
18,264893964,914305754
19,459149509,10773197342
20,459149509,1896550465
21,1934954797,3258739375
22,264893964,914305693
23,44491058,1464781146
24,264893964,6712595949
25,459149509,3314152326
26,264893964,9923881278
27,1934954797,39569412
28,1934954797,1709538489
29,459149509,39680891
30,5109935753,50493623
31,459149509,9923881283
32,1934954797,36157597
33,1965742650,8493780991
34,44491058,1253685137
35,54612612,2076428525
36,1965742650,5831061000
37,54612612,10780478388
38,44491058,890589707
39,268183529,10772935156
40,1934954797,10772935156
41,268183529,318097940
42,268183529,36287974
43,1965742650,35912569
44,44491058,4911917756
45,268183529,4889499498
46,1965742650,5361428408
47,596236547,50488292
48,268941585,1896560370
49,54612612,266424283
50,5109935753,640587823
51,268183529,1602102599
52,596236547,8449075352
53,44491058,997676621
54,5109935753,12067622826
55,54612612,3808369368
56,5109935753,4207940427
57,44491058,7434713891
58,44491058,313815783
59,264893964,1496871937
60,1965742650,1856760330
61,44491058,293199626
62,1965742650,317463756
63,54612612,3609197737
64,1965742650,4255382459
65,44491058,35911653
66,1965742650,1119641418
67,459149509,310109676
68,1965742650,595819688
69,268183529,3033074995
70,459149509,3216655744
71,459149509,2000514858
72,264893964,703866881
73,268183529,3519954911
74,1934954797,3392238441
75,268941585,11192687694
76,596236547,963377692
77,1965742650,3392238436
78,54612612,734805803
79,264893964,40876696
80,44491058,35970177
81,264893964,4889466505
82,596236547,1229304901
83,596236547,311133559
84,1965742650,2026128279
85,268941585,35904769
86,264893964,2639375742
87,459149509,614210761
88,1934954797,293189688
89,5109935753,446768297
90,1934954797,3216655729
91,268183529,6084402619
92,54612612,13019717619
93,459149509,3291894843
94,44491058,2535259277
95,1965742650,4402724050
96,268941585,10803770951
97,264893964,430542896
98,5109935753,304763545
99,1934954797,594964616
100,5109935753,308727692
101,596236547,267252340
102,1965742650,1709538486
103,268183529,304297703
104,596236547,2163651902
105,264893964,36160614
106,459149509,455006409
107,44491058,249072757
108,54612612,36421699
109,596236547,51297177
110,44491058,7837512878
111,596236547,1873503186
112,268183529,5361428408
113,268183529,10772935180
114,1934954797,50482984
115,5109935753,308194354
116,1965742650,422104948
117,264893964,308190609
118,268183529,36162455
119,264893964,51295104
120,5109935753,4506636105
121,264893964,36157582
122,596236547,293188835
123,268183529,1577100389
124,54612612,12390641699
125,459149509,9645510111
126,54612612,61699837
127,44491058,5287617667
128,459149509,3419370225
129,264893964,10773197342
130,1965742650,898920378
131,268941585,50482984
132,54612612,322115108
133,268941585,1782395880
134,1965742650,631527251
135,1934954797,997676621
136,5109935753,50493616
137,596236547,50487729
138,596236547,50488884
139,268941585,308194351
140,5109935753,12443847235
141,459149509,60455945
142,54612612,898921650
143,268941585,36163039
144,44491058,1351118420
145,268183529,5768533963
146,54612612,11111411332
147,596236547,39480405
148,264893964,266424308
149,1965742650,39563582
150,268941585,11919486079
151,1965742650,594964533
152,44491058,39569412
153,54612612,4889466505
154,44491058,36422416
155,596236547,10773197338
156,596236547,613506048
157,596236547,36422416
158,268941585,266729321
159,1965742650,293199351
160,54612612,248610650
161,54612612,1693217047
162,268183529,315198591
163,264893964,4254188138
164,268941585,308304229
165,268941585,668037429
166,1965742650,12391131833
167,596236547,3216656004
168,54612612,266424296
169,268941585,3419370226
170,44491058,339834598
171,459149509,36163109
172,596236547,293194028
173,1965742650,36163269
174,1965742650,61699840
175,268941585,511004108
176,1965742650,5505122252
177,268941585,35969501
178,596236547,9785553162
179,44491058,39680891
180,268183529,997676615
181,264893964,36421900
182,459149509,3216655991
183,268183529,315027166
184,596236547,1896560370
185,54612612,40886793
186,268941585,310109694
187,268183529,247787030
188,268941585,640587823
189,54612612,36421908
190,44491058,322115109
191,1934954797,266720051
192,268183529,50486873
193,264893964,39680891
194,459149509,1280254421
195,596236547,35905114
196,459149509,2163651902
197,268941585,308187759
198,5109935753,914305693
199,1965742650,50489846
200,1934954797,311136570
201,5109935753,997676641
202,268183529,39533066
203,1934954797,422104948
204,596236547,35969515
205,459149509,36422487
206,54612612,1693217047
207,268941585,319643802
208,459149509,293199706
209,54612612,266424308
210,5109935753,39563582
211,459149509,312622260
212,268183529,1657775336
213,459149509,308194354
214,596236547,64617138
215,268941585,422104948
216,5109935753,424346587
217,54612612,36163004
218,54612612,1581318921
219,268941585,1896550537
220,1934954797,40886793
221,5109935753,9785553143
222,1934954797,303300813
223,54612612,316282356
224,596236547,6084402616
225,459149509,311972966
226,459149509,612911943
227,459149509,1837336085
228,596236547,36422419
229,54612612,39661494
230,264893964,914305751
231,268183529,10972769872
232,1965742650,1684397755
233,54612612,1602093164
234,596236547,35925425
235,5109935753,1837336085
236,44491058,40884694
237,5109935753,60564810
238,268941585,1987640586
239,268941585,36162976
240,264893964,1684397755
241,54612612,11111411332
242,1965742650,6614676133
243,1934954797,5361428408
244,5109935753,1709538486
245,264893964,50458840
246,596236547,318096110
247,596236547,594964489
248,54612612,293189688
249,44491058,430542898
250,1934954797,51296580
251,596236547,703866883
252,1934954797,10773197342
253,5109935753,11192687694
254,5109935753,2163662154
255,44491058,8493780991
256,44491058,11111411332
257,54612612,614215399
258,264893964,3067941807
259,54612612,2076428525
260,54612612,3298606688
261,1934954797,1709538453
262,1934954797,1709544717
263,54612612,2000514858
264,264893964,5512168817
265,1965742650,1987337325
266,1965742650,247787030
267,1965742650,303605323
268,54612612,614187826
269,268183529,312840658
270,596236547,3258739375
271,268183529,3216655174
272,1965742650,311483842
273,268183529,3241144664
274,44491058,1645257112
275,268941585,5884321655
276,5109935753,4255382459
277,1934954797,6780500652
278,1965742650,3612041353
279,5109935753,1578543013
280,268183529,310617158
281,596236547,3216655666
282,54612612,50482984
283,264893964,255615627
284,459149509,39683724
285,1965742650,39661494
286,1934954797,313815783
287,268941585,35970090
288,44491058,36160085
289,264893964,5505122251
290,264893964,1782395881
291,596236547,312622124
292,268941585,35925240
293,268941585,318123318
294,268183529,311973099
295,268183529,303134423
296,1965742650,3258739374
297,268183529,11240741819
298,268941585,9491692652
299,459149509,4396875512
300,264893964,35898449
301,54612612,9487377806
302,5109935753,255616695
303,54612612,5505122246
304,459149509,10772935157
305,268183529,594964517
306,1965742650,455006409
307,44491058,890501903
308,268941585,506325483
309,596236547,255457325
310,44491058,1992237917
311,54612612,4890376327
312,1965742650,35898438
313,5109935753,36421678
314,459149509,311972966
315,1965742650,997676909
316,54612612,35900118
317,264893964,4402724045
318,268183529,1315964090
319,1965742650,336273414
320,264893964,39563582
321,5109935753,4554015709
322,54612612,3399701576
323,264893964,4486751769
324,596236547,39483735
325,268941585,5505122252
326,268941585,313815783
327,596236547,5505122250
328,268941585,422104948
329,459149509,668037429
330,459149509,5884411198
331,5109935753,308194354
332,1934954797,594964537
333,44491058,4227989694
334,1934954797,322115108
335,1934954797,1465245376
336,268183529,35911438
337,44491058,3066373314
338,268183529,10771250336
339,44491058,304297703
340,5109935753,3399701576
341,5109935753,631527251
342,54612612,9458666901
343,596236547,312840658
344,1965742650,247952576
345,1934954797,255615373
346,459149509,1741950760
347,44491058,1464781243
348,596236547,293189476
349,1934954797,40877314
350,44491058,13352949823
351,268183529,2000514846
352,54612612,40877314
353,596236547,39547914
354,44491058,1465454990
355,44491058,997676634
356,459149509,39692850
357,264893964,1392463587
358,268183529,266729326
359,44491058,255615706
360,459149509,9487377806
361,1965742650,311972967
362,5109935753,293318945
363,5109935753,1229304901
364,1965742650,9645510102
365,1965742650,36163522
366,1965742650,3419370226
367,268941585,308727690
368,54612612,2450347098
369,459149509,39543259
370,596236547,1496871937
371,54612612,64447234
372,1934954797,6780500652
373,5109935753,1911314077
374,268941585,36422416
375,5109935753,36421895
376,268183529,310109694
377,596236547,35926256
378,54612612,310109680
379,264893964,12390993601
380,1934954797,310109648
381,5109935753,39483735
382,459149509,50486873
383,596236547,12067622823
384,54612612,255615706
385,459149509,338976854
386,5109935753,564893482
387,268183529,4554015726
388,268941585,3033074995
389,268183529,1464781123
390,54612612,39547914
391,596236547,51295107
392,596236547,267252339
393,44491058,1464781110
394,268941585,612059777
395,268183529,1464322280
396,1934954797,36158010
397,596236547,35907778
398,459149509,39692850
399,268183529,10772935156
400,1965742650,303134423
401,5109935753,997676622
402,1965742650,3216655991
403,268941585,612059777
404,596236547,255457325
405,44491058,266424296
406,268183529,430542896
407,1965742650,617554589
408,264893964,5884321655
409,268941585,312622220
410,1934954797,51295107
411,1965742650,914305754
412,268183529,5884321655
413,1934954797,5361428408
414,54612612,9785553185
415,54612612,310109694
416,1965742650,3286282813
417,44491058,614210849
418,596236547,39563588
419,1965742650,308194354
420,44491058,35970177
421,264893964,39536562
422,459149509,3258739375
423,268183529,311974155
424,596236547,36422306
425,264893964,35912046
426,459149509,594964616
427,264893964,308304229
428,1965742650,310617158
429,268183529,427737122
430,268183529,36160085
431,596236547,293317489
432,264893964,3067941807
433,596236547,2303940202
434,459149509,4402724050
435,5109935753,489590996
436,44491058,663603123
437,5109935753,1253685137
438,44491058,9785553211
439,596236547,615797967
440,459149509,922741344
441,44491058,997634244
442,1965742650,3470755375
443,268941585,310109644
444,268183529,5653958834
445,44491058,9868682174
446,459149509,2163651902
447,54612612,2639375742
448,268183529,898920378
449,44491058,39533071
450,1965742650,266424308
451,459149509,4889499498
452,44491058,1602093156
453,44491058,35925258
454,268941585,1895115980
455,264893964,1917564845
456,459149509,751827381
457,44491058,39551468
458,268941585,11564026743
459,268941585,1462937117
460,268183529,3547388491
461,596236547,1602093172
462,1934954797,3255652923
463,264893964,336262671
464,1965742650,11111411337
465,596236547,3053445146
466,596236547,293194028
467,596236547,312622260
468,5109935753,1315964090
469,44491058,36420731
470,1965742650,746687948
471,1965742650,35926379
472,1934954797,36162455
473,54612612,312622120
474,264893964,36162322
475,264893964,997676622
476,54612612,322115104
477,1965742650,39536562
478,459149509,303299221
479,1965742650,10771250353
480,44491058,4251105880
481,459149509,1837336085
482,268941585,1896560370
483,596236547,266424296
484,268183529,1155037754
485,44491058,266720718
486,268941585,671950420
487,268183529,39548784
488,44491058,258757743
489,268183529,266720051
490,268941585,10780478387
491,54612612,3216655995
492,54612612,427721875
493,268941585,35925412
494,1934954797,293318945
495,264893964,3216655459
496,459149509,293318128
497,5109935753,10772935156
498,54612612,51295104
499,54612612,1464322448
500,268941585,304671561
501,596236547,1464781243
502,596236547,315027161
503,5109935753,2005071217
504,1934954797,35925742
505,459149509,61699842
506,5109935753,673581183
507,54612612,5884321655
508,1934954797,60564785
509,1965742650,50496393
510,459149509,313815781
511,459149509,35925425
512,5109935753,751827381
513,268941585,301457370
514,54612612,1911314077
515,1965742650,11240741819
516,596236547,9923881283
517,44491058,310109680
518,264893964,594964520
519,268183529,35907778
520,596236547,2450347098
521,268183529,1987270927
522,1965742650,3216655666
523,5109935753,9868682174
524,459149509,4889409447
525,44491058,36160085
526,54612612,595819688
527,1965742650,338776440
528,1965742650,36158421
529,264893964,266416909
530,1934954797,35912569
531,596236547,3066902266
532,54612612,10803770951
533,459149509,2000514869
534,268183529,9785553137
535,264893964,5654193643
536,459149509,1788383726
537,1934954797,427721875
538,44491058,293199626
539,54612612,4554015726
540,596236547,317463756
541,268941585,1602078142
542,54612612,1280254421
543,596236547,248610762
544,264893964,35925896
545,264893964,2000514869
546,264893964,39477123
547,1965742650,40884694
548,1934954797,1392463587
549,596236547,3068019605
550,5109935753,673383908
551,264893964,631527251
552,5109935753,3297708508
553,596236547,50486873
554,268183529,268467801
555,5109935753,997676615
556,1965742650,247784659
557,268941585,10771250380
558,459149509,35912569
559,5109935753,308727695
560,459149509,36421409
561,264893964,3297708509
562,596236547,318099998
563,268941585,2163662154
564,1965742650,12390641698
565,459149509,309200419
566,1965742650,39469832
567,596236547,7434713901
568,1934954797,8614547339
569,268941585,3250945414
570,54612612,9018403538
571,1934954797,35925896
572,596236547,10771250380
573,596236547,10771250335
574,268183529,673581183
575,54612612,36422490
576,596236547,9785553216
577,268183529,594964616
578,268941585,1496871937
579,459149509,61699842
580,268183529,914305754
581,1934954797,3258739375
582,268941585,61699842
583,54612612,258758034
584,5109935753,40884689
585,459149509,6132119456
586,459149509,1585388594
587,264893964,35926256
588,1934954797,5512168817
589,268183529,310109644
590,54612612,50486778
591,44491058,5233568004
592,54612612,3314152322
593,1934954797,293189479
594,459149509,322115109
595,1965742650,10972769872
596,44491058,39547905
597,54612612,43057690
598,264893964,10780478380
599,264893964,3206140870
600,596236547,36419278
601,54612612,266424283
602,5109935753,336250777
603,54612612,36162050
604,268941585,338776440
605,596236547,36158522
606,268941585,320823368
607,1934954797,51295351
608,459149509,3652576176
609,44491058,5884411198
610,5109935753,3291894843
611,1934954797,1851868603
612,268941585,511004108
613,596236547,266729321
614,5109935753,12390993609
615,44491058,311972967
616,268941585,12390993601
617,1934954797,3515301554
618,264893964,997676641
619,268941585,311910985
620,5109935753,8449075352
621,264893964,313815783
622,596236547,267315576
623,5109935753,3291894843
624,1965742650,3216656005
625,54612612,315027163
626,264893964,319643802
627,596236547,1464322448
628,5109935753,424346587
629,1934954797,2076428525
630,596236547,9487377806
631,459149509,3066902271
632,1934954797,304763545
633,54612612,40882779
634,268941585,1831514182
635,1965742650,2076428521
636,268183529,4402724050
637,1934954797,64447234
638,1965742650,3102451158
639,1965742650,3216655666
640,596236547,266720047
641,459149509,3792446060
642,268183529,1462937125
643,1965742650,4180874647
644,264893964,303300813
645,268183529,4554015709
646,1934954797,1987640577
647,264893964,318123318
648,1934954797,1465245376
649,459149509,320823365
650,5109935753,266424290
651,54612612,1861956893
652,5109935753,255616515
653,44491058,1061662662
654,596236547,1895115980
655,459149509,293192698
656,44491058,424346620
657,264893964,3547388902
658,459149509,266729320
659,5109935753,673581169
660,1965742650,61699837
661,5109935753,39547914
662,268183529,266729321
663,268941585,3314152326
664,1934954797,61699842
665,1934954797,51295104
666,44491058,1464781123
667,44491058,249072750
668,596236547,50489846
669,264893964,313815782
670,596236547,1741950760
671,1934954797,9868682174
672,1965742650,594964492
673,268183529,430542897
674,596236547,3423261118
675,596236547,594964533
676,54612612,10780478388
677,264893964,3250945414
678,44491058,316470816
679,5109935753,318123318
680,44491058,35908449
681,1934954797,10780478388
682,54612612,9923881278
683,264893964,511004052
684,268183529,1464781110
685,459149509,4890376327
686,1934954797,258757622
687,596236547,612059777
688,5109935753,36422416
689,459149509,258757622
690,459149509,39563582
691,44491058,1462937117
692,54612612,2447031732
693,459149509,36421908
694,264893964,36422490
695,268941585,1873503186
696,596236547,10773197338
697,5109935753,35911439
698,5109935753,1873503186
699,54612612,35912569
700,1934954797,39471089
701,1934954797,12391131833
702,1934954797,12390641700
703,1965742650,614187856
704,459149509,614187856
705,5109935753,422104948
706,268183529,13093194373
707,1934954797,293195043
708,5109935753,2426445080
709,1934954797,10685954127
710,268183529,301457370
711,1965742650,3033074995
712,268183529,255616886
713,1965742650,266729319
714,268941585,266720718
715,54612612,1911314077
716,5109935753,9923881283
717,44491058,614210764
718,5109935753,3515301554
719,264893964,4890376327
720,268941585,5831060995
721,1965742650,5665770444
722,596236547,6084402616
723,54612612,2507294517
724,1934954797,594964585
725,596236547,890589707
726,459149509,615797967
727,54612612,1888130227
728,5109935753,266720039
729,54612612,945634442
730,1934954797,595819699
731,44491058,320823368
732,1934954797,4396846569
733,1934954797,997676832
734,459149509,3673056387
735,1965742650,511004208
736,5109935753,39548787
737,54612612,319882107
738,54612612,5233568004
739,268941585,2000486634
740,1965742650,319643802
741,268941585,1164315660
742,264893964,293427230
743,5109935753,36157720
744,54612612,36421992
745,268941585,266720056
746,44491058,4402724050
747,268941585,5361428408
748,1965742650,4911917756
749,268941585,427721873
750,596236547,39681151
751,5109935753,36157582
752,54612612,4911917756
753,1934954797,310109676
754,459149509,330857137
755,54612612,64617138
756,268183529,3450432571
757,268941585,4890376321
758,596236547,64447234
759,44491058,5831061000
760,268183529,35905114
761,264893964,36422490
762,264893964,39551468
763,268941585,3216655181
764,1965742650,310109653
765,596236547,1464781146
766,264893964,5287617667
767,264893964,424346620
768,459149509,1155037754
769,268941585,1850420464
770,268941585,3053445146
771,54612612,319879151
772,264893964,9018403538
773,264893964,4486751768
774,1934954797,321569074
775,44491058,12067622816
776,1934954797,313815781
777,5109935753,320823363
778,1965742650,318097743
779,264893964,50486778
780,5109935753,9785553143
781,54612612,6614676133
782,459149509,701748682
783,264893964,455006413
784,264893964,424346620
785,268183529,303299225
786,5109935753,293194731
787,264893964,3423261121
788,1965742650,266729326
789,1965742650,36158522
790,1965742650,4890376321
791,268183529,9785553137
792,1934954797,266097175
793,268183529,2979467267
794,596236547,50493618
795,268941585,12390993609
796,44491058,36421908
797,54612612,2009690207
798,54612612,267315576
799,54612612,35901575
800,268183529,255616872
801,5109935753,12390993609
802,5109935753,311515077
803,1965742650,35908453
804,54612612,303299221
805,1934954797,303605325
806,264893964,247784659
807,1965742650,12067622823
808,459149509,310109676
809,264893964,1850793813
810,1934954797,266720056
811,268183529,1987640577
812,264893964,312622124
813,54612612,9487377806
814,596236547,50495674
815,596236547,2216802650
816,1965742650,8191912982
817,54612612,1061662662
818,596236547,303300813
819,44491058,3066902266
820,1934954797,594964533
821,596236547,4255382456
822,1934954797,612911943
823,1965742650,324714299
824,44491058,614210764
825,1934954797,5654193643
826,596236547,9868682174
827,44491058,12458507711
828,459149509,4889409447
829,54612612,54580540
830,44491058,304671561
831,5109935753,564893482
832,54612612,336262671
833,268941585,54580540
834,459149509,6795668266
835,1965742650,11111411337
836,268183529,40884689
837,1934954797,3809727624
838,268183529,35898204
839,5109935753,36287974
840,44491058,1895115980
841,5109935753,36421908
842,268941585,3612041353
843,268183529,617555276
844,5109935753,2076428527
845,596236547,310109692
846,54612612,311910985
847,268183529,1896550461
848,268941585,50493623
849,5109935753,7532420911
850,44491058,12968910958
851,5109935753,2376985967
852,1965742650,40880290
853,268941585,35926379
854,44491058,3808369382
855,268183529,594964517
856,5109935753,997676832
857,268941585,5665770444
858,459149509,319832891
859,268183529,3206140870
860,596236547,266720051
861,1934954797,4889466505
862,264893964,1479981234
863,44491058,10772935157
864,268941585,247787013
865,459149509,61699842
866,44491058,266720039
867,268183529,3297708509
868,1965742650,50496393
869,268941585,1464781160
870,268183529,1861956893
871,596236547,10780478380
872,268183529,50485593
873,268183529,1844038891
874,459149509,617555276
875,268183529,255615707
876,268941585,1602093164
877,44491058,12067622816
878,44491058,36163278
879,54612612,310109680
880,264893964,36162050
881,44491058,2426445080
882,54612612,3673056387
883,596236547,305566637
884,596236547,9487377806
885,1965742650,1782395881
886,1965742650,12443847235
887,459149509,1164315660
888,1965742650,36158017
889,54612612,163774560
890,44491058,5018754927
891,5109935753,154578339
892,1965742650,35904913
893,596236547,316282354
894,268941585,35925742
895,5109935753,3399701576
896,1965742650,614210761
897,268941585,64447234
898,44491058,612059777
899,268941585,703866881
900,1934954797,3547388478
901,596236547,2000486634
902,44491058,36163004
903,264893964,5505122246
904,459149509,2163651902
905,1965742650,4889499498
906,264893964,1229306936
907,44491058,1229304901
908,596236547,39536562
909,268183529,9491692652
910,54612612,594964533
911,44491058,671950420
912,44491058,39477123
913,264893964,39478500
914,268941585,1581318921
915,1934954797,4899679047
916,5109935753,2535259277
917,459149509,35925425
918,54612612,12714724931
919,44491058,3067944371
920,459149509,40877314
921,5109935753,36162475
922,268183529,3216655371
923,5109935753,671395649
924,596236547,6132119456
925,268183529,255615372
926,44491058,320823368
927,268941585,35907784
928,1934954797,322115106
929,268183529,311136570
930,268183529,35904913
931,268183529,321569074
932,268183529,2447031733
933,268941585,319643686
934,1934954797,997634406
935,459149509,1392463587
936,1934954797,50482984
937,268183529,311973070
938,54612612,2639375742
939,268941585,4911917756
940,44491058,40886793
941,264893964,594964492
942,268941585,39551468
943,268941585,2447031732
944,5109935753,310617160
945,5109935753,9868682174
946,54612612,35926256
947,264893964,308194351
948,54612612,61690664
949,264893964,36163271
950,44491058,311973067
951,268941585,50493616
952,268941585,293199351
953,44491058,9948802473
954,596236547,35921172
955,459149509,10772935152
956,54612612,5831060995
957,5109935753,39536562
958,264893964,4889409447
959,268941585,310109644
960,1965742650,11240741819
961,1965742650,7907809159
962,268183529,266729332
963,596236547,36157582
964,268183529,39536562
965,596236547,12458507711
966,264893964,36162322
967,264893964,1896550537
968,596236547,448586443
969,264893964,3519954911
970,596236547,631527251
971,1934954797,673383908
972,459149509,4255382459
973,1934954797,422104947
974,596236547,308194354
975,54612612,617554589
976,54612612,631527251
977,1965742650,248610650
978,596236547,36422635
979,268183529,303605325
980,54612612,40894932
981,264893964,40876696
982,44491058,4506636108
983,5109935753,1581318921
984,268941585,3066902266
985,264893964,303299221
986,1965742650,9868682174
987,459149509,12067622816
988,1965742650,5831061000
989,268183529,3609197737
990,268183529,4506636108
991,1934954797,10670120133
992,44491058,7837512878
993,268183529,2163662119
994,268941585,61699837
995,5109935753,3067944371
996,44491058,4180874647
997,44491058,247785995
998,5109935753,10771250366
999,44491058,35912569
1000,268941585,1156615960
1001,459149509,4506636108
1002,459149509,99960924
1003,1965742650,9645510111
1004,596236547,35925896
1005,459149509,340340444
1006,1965742650,64617138
1007,268183529,36422416
1008,1965742650,4255382459
1009,596236547,12390641700
1010,596236547,1693217047
1011,1934954797,7439039902
1012,1934954797,4911917754
1013,44491058,50489322
1014,44491058,301457370
1015,44491058,36419360
1016,1965742650,39478500
1017,1934954797,6084402619
1018,44491058,51295107
1019,268183529,595819699
1020,596236547,1861520799
1021,459149509,36162976
1022,596236547,35926256
1023,44491058,2076428531
1024,5109935753,310109653
1025,268941585,266720718
1026,268183529,11564026743
1027,1934954797,2979467260
1028,596236547,39661494
1029,54612612,255457325
1030,268941585,430542898
1031,44491058,734805902
1032,459149509,2000514858
1033,268941585,311974155
1034,459149509,1602102599
1035,1934954797,249072750
1036,5109935753,40884694
1037,596236547,13019717619
1038,268941585,3012944589
1039,1965742650,9491692652
1040,268941585,255615707
1041,268183529,795656229
1042,268941585,51296580
1043,44491058,248610650
1044,264893964,3067941804
1045,268941585,2163662154
1046,1965742650,3987022247
1047,54612612,2006006888
1048,459149509,4554015719
1049,459149509,1645257112
1050,596236547,673581183
1051,5109935753,255615627
1052,459149509,36162322
1053,459149509,319832891
1054,44491058,311972967
1055,1934954797,39536562
1056,459149509,1995402915
1057,44491058,293194994
1058,268941585,1585388594
1059,1965742650,3767550199
1060,5109935753,35925896
1061,1934954797,36163019
1062,596236547,4402724045
1063,44491058,312823863
1064,264893964,267252339
1065,1934954797,671395649
1066,44491058,266424290
1067,1934954797,1709538478
1068,268941585,455006413
1069,596236547,35900116
1070,1934954797,12067622816
1071,264893964,4227989694
1072,596236547,1657775336
1073,54612612,255616872
1074,1965742650,427737083
1075,264893964,39543259
1076,1965742650,303134529
1077,459149509,6712595949
1078,268941585,313450960
1079,268941585,4697499293
1080,596236547,1896550537
1081,1934954797,293318128
1082,264893964,3547388478
1083,459149509,3216655181
1084,459149509,336250778
1085,264893964,12872667512
1086,268941585,1156615960
1087,44491058,266720056
1088,44491058,3067941807
1089,1965742650,5884321655
1090,459149509,1496871937
1091,1965742650,1851016565
1092,596236547,3792445501
1093,268941585,4554015709
1094,459149509,1896560370
1095,459149509,3792445551
1096,54612612,1479981234
1097,268941585,614210764
1098,5109935753,7907809159
1099,1965742650,35969967
1100,1934954797,1464322448
1101,596236547,39469851
1102,5109935753,3792445496
1103,1965742650,35969506
1104,264893964,310109646
1105,1965742650,266729332
1106,54612612,1057163165
1107,264893964,36158010
1108,54612612,35925412
1109,596236547,51297648
1110,1934954797,914305751
1111,268941585,64617138
1112,459149509,10773197338
1113,1934954797,2836799802
1114,1965742650,303299221
1115,268183529,3066902265
1116,268941585,36159957
1117,1965742650,594964492
1118,268183529,50493616
1119,1934954797,734805902
1120,268183529,10771250366
1121,264893964,3102451158
1122,54612612,5287617667
1123,268183529,594964533
1124,268941585,312840658
1125,1934954797,1851868603
1126,596236547,321569074
1127,459149509,922743153
1128,5109935753,6795668266
1129,596236547,1709538478
1130,459149509,319832891
1131,264893964,303605325
1132,1934954797,671950420
1133,54612612,35970178
1134,596236547,2009690207
1135,1934954797,2000514846
1136,5109935753,51295116
1137,44491058,247787013
1138,1965742650,35898206
1139,54612612,293318945
1140,54612612,36422290
1141,44491058,914305751
1142,268183529,39548784
1143,268183529,564893482
1144,54612612,2005071274
1145,5109935753,35911439
1146,44491058,3547388491
1147,1965742650,3067944371
1148,1965742650,36162019
1149,268941585,6614676133
1150,596236547,422104947
1151,459149509,12390641700
1152,44491058,3066902271
1153,459149509,12390641699
1154,459149509,9948802473
1155,5109935753,336262671
1156,459149509,340340362
1157,268941585,2836799802
1158,268941585,511004108
1159,1934954797,1955886868
1160,268183529,310109680
1161,54612612,2979467267
1162,44491058,313043471
1163,459149509,631527251
1164,1965742650,312840658
1165,268183529,309200122
1166,268183529,2546176571
1167,54612612,50489322
1168,459149509,2005071274
1169,459149509,1995402915
1170,596236547,1577100388
1171,5109935753,255615371
1172,596236547,35898438
1173,268941585,427737122
1174,596236547,248610762
1175,1965742650,39547914
1176,268941585,9785553162
1177,596236547,310109644
1178,264893964,2163662119
1179,264893964,3649137474
1180,44491058,4890376321
1181,264893964,7439039902
1182,268183529,1709538490
1183,268941585,997676634
1184,268941585,4554015726
1185,264893964,266720056
1186,54612612,614187826
1187,5109935753,35912046
1188,1965742650,35969515
1189,1965742650,4254188138
1190,459149509,3255652923
1191,596236547,2163662154
1192,5109935753,734805902
1193,459149509,36421992
1194,268183529,9785553152
1195,54612612,594964537
1196,5109935753,1462937125
1197,1965742650,10771250380
1198,596236547,8449075352
1199,596236547,312622129
1200,5109935753,4506636108
1201,1965742650,734805902
1202,5109935753,36163105
1203,1965742650,36421701
1204,44491058,6780500652
1205,44491058,3012944589
1206,264893964,1741950760
1207,1965742650,340340362
1208,268941585,267252340
1209,268941585,39671388
1210,459149509,339834598
1211,596236547,1479981234
1212,1965742650,9785553216
1213,5109935753,9645510111
1214,459149509,1987640577
1215,1965742650,35925742
1216,459149509,12714724931
1217,596236547,39483735
1218,1965742650,13296382062
1219,268941585,7907809162
1220,1965742650,9785553161
1221,459149509,39480405
1222,44491058,2006006888
1223,1965742650,1325099820
1224,54612612,303298819
1225,596236547,4486751769
1226,44491058,310109676
1227,596236547,734805803
1228,268941585,3392238441
1229,5109935753,997676868
1230,1934954797,2005071192
1231,1965742650,293194994
1232,596236547,247785995
1233,1934954797,11919486079
1234,54612612,3673056378
1235,596236547,10771250353
1236,268941585,311910985
1237,5109935753,50493626
1238,1934954797,336250777
1239,459149509,322115108
1240,1965742650,431734756
1241,1965742650,35970177
1242,54612612,1602093156
1243,264893964,8449075352
1244,44491058,3792446060
1245,1934954797,293321311
1246,44491058,2376985968
1247,268941585,1851016565
1248,268183529,1844038893
1249,44491058,40886793
1250,268941585,2447031733
1251,44491058,61699835
1252,268183529,3792445551
1253,264893964,1164315660
1254,268941585,36422290
1255,44491058,36162475
1256,44491058,319879151
1257,1965742650,51294091
1258,268183529,266720051
1259,5109935753,914305752
1260,1934954797,10771250335
1261,5109935753,997676911
1262,459149509,255615707
1263,1934954797,54580540
1264,268183529,1861956915
1265,596236547,50495138
1266,1965742650,267252340
1267,1934954797,50489757
1268,44491058,10772935157
1269,596236547,50575623
1270,596236547,324714299
1271,1965742650,1987270927
1272,596236547,310617160
1273,268183529,2535259286
1274,596236547,10772935149
1275,44491058,734805902
1276,5109935753,2979467258
1277,264893964,9785553152
1278,5109935753,39569412
1279,596236547,3213652885
1280,1965742650,5287617675
1281,44491058,338976854
1282,264893964,293194162
1283,54612612,703866881
1284,44491058,10771250366
1285,268183529,2076428531
1286,268183529,612059777
1287,459149509,36163271
1288,5109935753,3792445501
1289,596236547,3067944371
1290,268183529,2507294517
1291,54612612,12968910958
1292,459149509,35912569
1293,268183529,3066373314
1294,596236547,36422487
1295,44491058,890589707
1296,264893964,10803770951
1297,596236547,10685954127
1298,268183529,4889466505
1299,268941585,12872667522
1300,268941585,3792445501
1301,1934954797,308304235
1302,54612612,61699835
1303,1965742650,2979467260
1304,459149509,39563582
1305,596236547,1315964090
1306,5109935753,1164315660
1307,268941585,594964616
1308,1965742650,997676621
1309,268183529,595819690
1310,44491058,1464781100
1311,596236547,997676621
1312,268941585,2076428521
1313,44491058,3053445146
1314,44491058,3399701576
1315,5109935753,39548787
1316,268941585,43059711
1317,268183529,247784659
1318,1934954797,3612041353
1319,5109935753,308194352
1320,268183529,1577100389
1321,268941585,1917564845
1322,44491058,3216655995
1323,268183529,1577100389
1324,1965742650,319832891
1325,54612612,1602093072
1326,54612612,36163269
1327,268183529,293321311
1328,264893964,2163651902
1329,1965742650,36163109
1330,596236547,2447031733
1331,268183529,54580540
1332,54612612,1709538478
1333,268941585,1896550461
1334,459149509,12067622816
1335,268941585,2006006888
1336,596236547,4255382456
1337,268183529,12067622826
1338,1934954797,320823368
1339,596236547,1782395881
1340,268941585,2000514858
1341,54612612,890501903
1342,268941585,39680891
1343,1934954797,613506048
1344,1934954797,312622120
1345,268183529,11919486079
1346,596236547,39551471
1347,264893964,39661505
1348,268941585,613506048
1349,459149509,36422290
1350,1965742650,255616695
1351,596236547,1987270927
1352,268183529,36163105
1353,268183529,430542896
1354,264893964,9785553216
1355,1965742650,7907809159
1356,268183529,293324647
1357,264893964,303605731
1358,459149509,43059711
1359,44491058,2000514842
1360,5109935753,2447031732
1361,268183529,4506636105
1362,5109935753,39563590
1363,44491058,1602078142
1364,596236547,39548787
1365,596236547,3423261121
1366,596236547,617555276
1367,268941585,422104947
1368,44491058,293189479
1369,268183529,60455945
1370,596236547,1465454990
1371,54612612,340340362
1372,268941585,9923881278
1373,268183529,422104948
1374,268183529,9785553211
1375,1965742650,310109648
1376,268941585,613506048
1377,264893964,36163019
1378,596236547,3066902271
1379,44491058,594964489
1380,44491058,1987337325
1381,1934954797,2000514858
1382,44491058,594964616
1383,596236547,339834598
1384,44491058,430542896
1385,54612612,1602093164
1386,5109935753,1315964090
1387,268941585,36422419
1388,268941585,445821244
1389,268183529,293418182
1390,264893964,1782395880
1391,1934954797,3297708509
1392,5109935753,35970090
1393,44491058,39477123
1394,264893964,511004108
1395,1965742650,249072750
1396,5109935753,4402724050
1397,268183529,35900118
1398,1965742650,430542896
1399,596236547,4396846569
1400,54612612,7532420911
1401,5109935753,50575623
1402,459149509,457484052
1403,264893964,4255382459
1404,1934954797,3255652923
1405,459149509,4889499498
1406,54612612,336250777
1407,459149509,308727695
1408,54612612,35925923
1409,596236547,3068019605
1410,5109935753,5768533963
1411,268941585,3216655995
1412,54612612,249072750
1413,596236547,4899679068
1414,1934954797,1602102599
1415,44491058,336250778
1416,268941585,3792445551
1417,268941585,293188835
1418,1934954797,266424296
1419,1965742650,35925742
1420,264893964,6614676133
1421,268941585,308727692
1422,1965742650,594964474
1423,1965742650,3470234679
1424,44491058,4180874629
1425,44491058,310109694
1426,5109935753,266424283
1427,459149509,10670120133
1428,44491058,313043467
1429,459149509,11240741819
1430,268941585,39543259
1431,1934954797,1578543010
1432,44491058,1896560370
1433,1965742650,255616657
1434,1934954797,10638385387
1435,268941585,1464781146
1436,268183529,315027166
1437,1934954797,311515110
1438,44491058,39681151
1439,44491058,266416915
1440,5109935753,303299221
1441,54612612,10638385387
1442,1934954797,2005071192
1443,268183529,4985246752
1444,596236547,671395649
1445,44491058,9785553211
1446,54612612,293199351
1447,264893964,255616872
1448,54612612,293324647
1449,54612612,319879151
1450,264893964,315027166
1451,264893964,51295107
1452,1965742650,1657775336
1453,1934954797,308727692
1454,268941585,3808019680
1455,54612612,3673056387
1456,268941585,310109644
1457,44491058,311973099
1458,268183529,1119641418
1459,596236547,1896550537
1460,459149509,39535811
1461,596236547,39683724
1462,5109935753,3255652923
1463,54612612,997634717
1464,268183529,914305752
1465,1934954797,7434713901
1466,1965742650,5653958834
1467,264893964,267252339
1468,54612612,51295116
1469,5109935753,10638385387
1470,54612612,1709538489
1471,44491058,36162050
1472,459149509,293189479
1473,44491058,5018754927
1474,459149509,472038468
1475,268941585,3255652923
1476,54612612,50493618
1477,459149509,7434713901
1478,459149509,36162050
1479,54612612,10780478380
1480,264893964,317463756
1481,459149509,40882779
1482,44491058,36422298
1483,1934954797,8493780995
1484,1965742650,1987337325
1485,1934954797,10771250353
1486,44491058,1496871937
1487,268183529,39543259
1488,459149509,4486751762
1489,44491058,35926256
1490,268941585,2076428521
1491,268941585,3255652923
1492,1965742650,36163004
1493,1965742650,4985246752
1494,1965742650,1955886868
1495,264893964,338976854
1496,1934954797,51295116
1497,1934954797,4890376321
1498,459149509,2639375742
1499,5109935753,4254188138
1500,54612612,36160479
1501,1965742650,318096110
1502,1934954797,3216655995
1503,54612612,431734844
1504,459149509,255615707
1505,596236547,1782395881
1506,268183529,5505122252
1507,1934954797,1325099820
1508,5109935753,10771250336
1509,1934954797,317463756
1510,596236547,35900117
1511,268941585,1229306936
1512,264893964,338776440
1513,44491058,35925412
1514,268183529,39661494
1515,268941585,310109686
1516,264893964,312622124
1517,5109935753,890501903
1518,596236547,310109648
1519,54612612,455006413
1520,264893964,36421992
1521,459149509,39548784
1522,459149509,365353066
1523,54612612,914305752
1524,264893964,3258739374
1525,264893964,258757622
1526,1934954797,4486751769
1527,268183529,4506636108
1528,264893964,5654193643
1529,1965742650,1850420464
1530,5109935753,35898206
1531,44491058,4899679047
1532,459149509,310109678
1533,1965742650,3213652885
1534,44491058,1987640575
1535,44491058,50493616
1536,264893964,336273414
1537,268183529,39535811
1538,596236547,6769464876
1539,268183529,36162976
1540,459149509,997634717
1541,596236547,594964492
1542,44491058,50487729
1543,268941585,4402724050
1544,1965742650,1998476921
1545,54612612,310109694
1546,54612612,39533066
1547,268183529,35969742
1548,264893964,1464322448
1549,44491058,1464781123
1550,1965742650,1987640586
1551,5109935753,338976854
1552,264893964,1723673351
1553,54612612,266720039
1554,1934954797,339834598
1555,459149509,1709538490
1556,5109935753,2385407335
1557,268941585,594964523
1558,1934954797,12443847235
1559,268941585,39683397
1560,268941585,3216656004
1561,264893964,36157597
1562,5109935753,10771250366
1563,1965742650,701748682
1564,268183529,60564810
1565,264893964,13019717619
1566,1965742650,35911653
1567,1965742650,445821244
1568,264893964,3320582733
1569,54612612,311515110
1570,1965742650,255615627
1571,5109935753,303299225
1572,1934954797,36421992
1573,54612612,2442536904
1574,264893964,39661494
1575,54612612,4255382456
1576,268183529,9785553211
1577,268941585,2535259277
1578,54612612,3066373314
1579,268183529,2026128279
1580,1934954797,1464781160
1581,268183529,293318128
1582,459149509,3515301554
1583,459149509,595819695
1584,44491058,1987640571
1585,596236547,10773197338
1586,264893964,36422416
1587,5109935753,3216655181
1588,596236547,2535259277
1589,1934954797,2006006884
1590,268941585,304671561
1591,268941585,35925240
1592,1965742650,293194162
1593,596236547,999306014
1594,459149509,11111411332
1595,264893964,303298819
1596,44491058,2005071217
1597,1965742650,301457370
1598,1965742650,2979467267
1599,1965742650,312622129
1600,268183529,703866883
1601,1934954797,39563588
1602,268183529,36158895
1603,44491058,36157597
1604,1934954797,12968910958
1605,596236547,39548787
1606,268941585,266720725
1607,596236547,922741344
1608,5109935753,266729332
1609,264893964,35969506
1610,5109935753,35925896
1611,459149509,6132119456
1612,268941585,50486778
1613,5109935753,315027166
1614,5109935753,39661505
1615,596236547,40884694
1616,54612612,8493780997
1617,268941585,312823863
1618,459149509,734805902
1619,44491058,614210761
1620,5109935753,36419278
1621,1934954797,312622124
1622,268183529,255615371
1623,596236547,322115104
1624,1934954797,564893482
1625,5109935753,4402724045
1626,268941585,2546176571
1627,459149509,4697499293
1628,268183529,922743166
1629,54612612,2216802650
1630,44491058,734805902
1631,1965742650,3216655181
1632,54612612,51294089
1633,459149509,431734756
1634,268183529,4040848952
1635,268941585,3066373314
1636,1934954797,247784659
1637,44491058,39692850
1638,5109935753,6769464876
1639,268941585,8191912982
1640,54612612,266720718
1641,5109935753,51295379
1642,596236547,8493780991
1643,1934954797,595819704
1644,54612612,310109676
1645,596236547,2979467267
1646,54612612,427721873
1647,459149509,5884411198
1648,264893964,4890376017
1649,1934954797,430542896
1650,264893964,751827381
1651,459149509,1851016565
1652,44491058,1288686576
1653,54612612,3250945414
1654,596236547,1987640575
1655,268941585,266729332
1656,5109935753,898921650
1657,1965742650,3808019681
1658,596236547,997676621
1659,459149509,4890376017
1660,44491058,255616872
1661,459149509,39692850
1662,459149509,3268919245
1663,264893964,310109646
1664,5109935753,319834414
1665,5109935753,1861956893
1666,268941585,11564026743
1667,268183529,365353066
1668,5109935753,10803770951
1669,1965742650,50489322
1670,1965742650,310109650
1671,44491058,1577100389
1672,459149509,5018754927
1673,264893964,321569074
1674,268183529,3314152326
1675,1934954797,293318128
1676,268941585,4180874629
1677,54612612,39533071
1678,5109935753,1861956915
1679,596236547,3066902266
1680,268183529,1462937117
1681,1934954797,2442536904
1682,1965742650,266720710
1683,268183529,2447031733
1684,268941585,318100290
1685,44491058,703866881
1686,5109935753,39547914
1687,1934954797,3767550191
1688,268183529,266729332
1689,5109935753,336250777
1690,44491058,39680916
1691,459149509,258758034
1692,268941585,1465454749
1693,268941585,40880290
1694,1965742650,1229306936
1695,268941585,9785553211
1696,44491058,51297398
1697,44491058,10772935149
1698,268941585,671950420
1699,596236547,5287617675
1700,268183529,427737122
1701,44491058,61699837
1702,459149509,39548787
1703,596236547,311515077
1704,44491058,308190609
1705,596236547,35925742
1706,268941585,304763545
1707,1934954797,247464238
1708,1965742650,303605934
1709,5109935753,9923881283
1710,264893964,1581318921
1711,5109935753,3792446060
1712,268941585,266720047
1713,54612612,43057690
1714,596236547,914305751
1715,268941585,2370366750
1716,268941585,61699840
1717,459149509,9923881278
1718,44491058,340340444
1719,1934954797,3419370226
1720,268183529,255615707
1721,44491058,266729321
1722,54612612,311515077
1723,268183529,340340362
1724,459149509,51295116
1725,268941585,36158522
1726,459149509,4554015719
1727,1965742650,1709538448
1728,268941585,9018403538
1729,1934954797,39548784
1730,54612612,36421896
1731,1934954797,10803770951
1732,264893964,309200419
1733,44491058,3245967987
1734,44491058,472038468
1735,1965742650,595819690
1736,54612612,39681716
1737,268941585,3519954911
1738,1965742650,4889499498
1739,264893964,751827381
1740,268941585,1465454990
1741,54612612,39683724
1742,268183529,255615371
1743,268183529,8191912982
1744,268183529,317463756
1745,268183529,35925425
1746,1965742650,50500005
1747,268183529,1844038893
1748,596236547,4889466505
1749,54612612,1856760330
1750,44491058,322115109
1751,5109935753,617554589
1752,1934954797,4180874647
1753,44491058,311973067
1754,44491058,293195007
1755,1965742650,39551471
1756,459149509,2005071217
1757,1965742650,3314171397
1758,44491058,50495674
1759,268941585,35969515
1760,1965742650,35898449
1761,268183529,3247972925
1762,1934954797,10773197338
1763,268183529,1578543013
1764,1965742650,2009690202
1765,54612612,455006413
1766,1965742650,11111411337
1767,1934954797,3067941804
1768,5109935753,311483842
1769,44491058,13019717619
1770,1934954797,336250777
1771,268183529,313043471
1772,596236547,247952576
1773,5109935753,8493780991
1774,268941585,3399701576
1775,268941585,39535819
1776,1934954797,594964520
1777,268183529,1709538448
1778,268183529,50575623
1779,268941585,1465454990
1780,596236547,310109676
1781,264893964,310109680
1782,459149509,40894932
1783,264893964,2006006888
1784,596236547,8493780991
1785,54612612,318099985
1786,459149509,316282356
1787,1965742650,39548787
1788,5109935753,293318128
1789,268941585,4486751769
1790,5109935753,35904913
1791,459149509,50488884
1792,1934954797,1888130227
1793,54612612,365353066
1794,1965742650,4486751768
1795,1965742650,9785553161
1796,1965742650,1583945849
1797,54612612,612058793
1798,1934954797,4899679068
1799,268183529,3066902271
1800,1965742650,50500005
1801,44491058,1873503186
1802,1965742650,489590996
1803,1934954797,39483735
1804,268183529,673581183
1805,596236547,321569074
1806,459149509,267252339
1807,268183529,5237004359
1808,596236547,36162976
1809,264893964,35921172
1810,1965742650,601843310
1811,1965742650,3066902266
1812,268183529,308304235
1813,5109935753,4985246752
1814,54612612,642342917
1815,44491058,1709538448
1816,268183529,51295351
1817,5109935753,36421992
1818,1934954797,11111411337
1819,1965742650,11849548573
1820,5109935753,3649137474
1821,54612612,4255382456
1822,54612612,12968910958
1823,5109935753,50493623
1824,1965742650,7434713901
1825,596236547,1693217047
1826,268941585,36422635
1827,1934954797,1987337325
1828,268183529,11919486079
1829,5109935753,35921172
1830,1934954797,266720051
1831,44491058,9785553190
1832,44491058,36158421
1833,596236547,266729326
1834,44491058,311974155
1835,596236547,322115106
1836,459149509,50488292
1837,1965742650,305566637
1838,264893964,293192698
1839,1965742650,3216655995
1840,268183529,511004108
1841,268183529,1057163165
1842,54612612,266424290
1843,459149509,293318128
1844,5109935753,997676832
1845,5109935753,35901575
1846,268183529,40882779
1847,268183529,51295107
1848,54612612,1684397755
1849,5109935753,1709538486
1850,268183529,336262671
1851,459149509,39563588
1852,54612612,39681716
1853,5109935753,36422630
1854,596236547,7532420911
1855,54612612,2076428525
1856,1934954797,267252340
1857,5109935753,293188835
1858,44491058,258757622
1859,1934954797,50489322
1860,459149509,313815781
1861,5109935753,997676621
1862,1965742650,39469832
1863,5109935753,303950332
1864,268941585,317463756
1865,1934954797,318097940
1866,54612612,293194994
1867,44491058,39661505
1868,1965742650,997676626
1869,1934954797,2163662119
1870,459149509,50575623
1871,44491058,1585388594
1872,268941585,64617138
1873,264893964,1861956915
1874,268941585,247786508
1875,459149509,642342917
1876,1965742650,36163105
1877,1934954797,615797967
1878,5109935753,1888130227
1879,596236547,35925624
1880,459149509,313815780
1881,459149509,594964520
1882,1934954797,10772935149
1883,264893964,51295379
1884,459149509,701748682
1885,596236547,308194351
1886,268183529,963377692
1887,1934954797,51295116
1888,596236547,2979467258
1889,44491058,9785553152
1890,44491058,511004108
1891,264893964,35898204
1892,1965742650,1844038891
1893,1934954797,2979467260
1894,5109935753,10771250335
1895,268183529,2385407335
1896,459149509,293194028
1897,1965742650,303299225
1898,268941585,3515301554
1899,596236547,35907784
1900,264893964,50500005
1901,54612612,313815781
1902,264893964,5884321655
1903,44491058,310109692
1904,1934954797,35969501
1905,54612612,7434713901
1906,1965742650,36158895
1907,268183529,255616695
1908,44491058,2026128279
1909,54612612,10780478388
1910,264893964,1479981234
1911,1934954797,339834598
1912,268183529,1464322280
1913,1965742650,424346620
1914,5109935753,8449075352
1915,459149509,1709538478
1916,264893964,310109644
1917,268941585,1987640577
1918,459149509,1602093072
1919,44491058,10773197342
1920,1934954797,1392463587
1921,44491058,163774802
1922,1934954797,50495138
1923,459149509,3809727624
1924,5109935753,268467801
1925,5109935753,303299225
1926,596236547,12390641699
1927,596236547,1496871937
1928,268183529,1709538453
1929,5109935753,455006409
1930,596236547,427737083
1931,264893964,293317489
1932,596236547,61699840
1933,1934954797,2303940202
1934,268941585,36157597
1935,1965742650,39533066
1936,1934954797,293194162
1937,459149509,614210780
1938,5109935753,1723673351
1939,596236547,317463756
1940,1934954797,35925742
1941,459149509,36163019
1942,5109935753,3547388485
1943,264893964,2009690207
1944,1965742650,10803770951
1945,264893964,312622260
1946,5109935753,12067622826
1947,5109935753,9785553185
1948,268183529,2000486634
1949,54612612,36421900
1950,1934954797,10638385387
1951,1965742650,4506636105
1952,459149509,3419370225
1953,459149509,13019717619
1954,596236547,8449075352
1955,264893964,9491692652
1956,44491058,11111411337
1957,44491058,313815781
1958,44491058,255615371
1959,5109935753,1602093072
1960,44491058,293321307
1961,44491058,1861956915
1962,268941585,39569412
1963,596236547,293192698
1964,1965742650,511004052
1965,1965742650,1896550537
1966,44491058,319643686
1967,5109935753,10772935180
1968,596236547,3206140870
1969,264893964,310109653
1970,268941585,11192687694
1971,1965742650,10780478380
1972,5109935753,163774802
1973,264893964,39661494
1974,268183529,1723674719
1975,264893964,315198591
1976,44491058,506325483
1977,54612612,338776440
1978,268941585,39706699
1979,268183529,511004208
1980,268183529,35969742
1981,459149509,1723674719
1982,596236547,8191912982
1983,5109935753,4180874647
1984,596236547,39671388
1985,268941585,1782395880
1986,268183529,7439039902
1987,5109935753,313815782
1988,264893964,9785553152
1989,5109935753,640587823
1990,44491058,2000486634
1991,268183529,311515077
1992,268183529,673581183
1993,596236547,50457439
1994,268183529,5831060995
1995,268183529,5505122251
1996,1965742650,293189476
1997,1965742650,668037429
1998,459149509,310109678
1999,5109935753,40884689
2000,268183529,293188835
2001,44491058,431734844
2002,264893964,4207940428
2003,54612612,1657775336
2004,1934954797,10772935157
2005,264893964,424346620
2006,44491058,36158522
2007,596236547,255616695
2008,459149509,39681716
2009,268183529,2426445080
2010,264893964,1896550537
2011,268941585,303299225
2012,264893964,11240741820
2013,459149509,36158522
2014,268183529,36419360
2015,1965742650,1464781110
2016,268183529,39471089
2017,54612612,10772935149
2018,54612612,3245967985
2019,264893964,319834414
2020,268941585,9785553206
2021,1934954797,5512168817
2022,54612612,1577100388
2023,264893964,3423261121
2024,264893964,247787030
2025,268941585,1888130227
2026,268183529,36287974
2027,1934954797,1392463587
2028,1934954797,315027166
2029,264893964,12714724931
2030,268183529,1465454749
2031,459149509,310109648
2032,1934954797,2370366750
2033,44491058,35905125
2034,268183529,890501903
2035,459149509,310109692
2036,54612612,258757743
2037,264893964,795656229
2038,459149509,310109692
2039,264893964,311911012
2040,54612612,36163278
2041,44491058,1465454990
2042,596236547,455006413
2043,596236547,50493626
2044,44491058,304763545
2045,1965742650,308727690
2046,459149509,1288686576
2047,1965742650,36422630
2048,5109935753,898921650
2049,54612612,2163662154
2050,1934954797,305566637
2051,54612612,4506636105
2052,1934954797,51295351
2053,1934954797,308187759
2054,264893964,1895115980
2055,54612612,1917564845
2056,44491058,319643686
2057,596236547,1861956915
2058,5109935753,3297708508
2059,264893964,9458666901
2060,268183529,914305751
2061,54612612,293194028
2062,1934954797,448586437
2063,1965742650,9785553161
2064,54612612,249072757
2065,54612612,163774802
2066,5109935753,318123318
2067,5109935753,39478500
2068,54612612,12390993601
2069,54612612,310109646
2070,459149509,1462937125
2071,1934954797,39480405
2072,264893964,266687630
2073,1934954797,51296577
2074,268941585,50493616
2075,268183529,340340444
2076,264893964,51297648
2077,1965742650,612059777
2078,268941585,13352949823
2079,5109935753,293195043
2080,44491058,36163231
2081,5109935753,1709538489
2082,268183529,1917564845
2083,44491058,51295107
2084,268183529,594964492
2085,264893964,39551468
2086,5109935753,2006006888
2087,44491058,11849548572
2088,268183529,614210849
2089,264893964,50489322
2090,268941585,51294742
2091,268183529,293194994
2092,44491058,445821244
2093,264893964,1585388594
2094,268183529,10771250336
2095,596236547,303299221
2096,459149509,9785553152
2097,54612612,10972769872
2098,54612612,12714724931
2099,264893964,5884411198
2100,268941585,318097940
2101,596236547,594964585
2102,596236547,36422298
2103,268941585,922743166
2104,54612612,3066902266
2105,44491058,304763545
2106,5109935753,455006413
2107,44491058,431734840
2108,1965742650,1602093072
2109,54612612,914305751
2110,1965742650,594964523
2111,596236547,36163231
2112,1934954797,36421908
2113,1965742650,4727974072
2114,268183529,3450432571
2115,596236547,312840658
2116,596236547,303300813
2117,1965742650,36160085
2118,44491058,455006409
2119,268183529,248610762
2120,596236547,3767550199
2121,268183529,5512168817
2122,44491058,36163004
2123,1965742650,311133559
2124,5109935753,5512168817
2125,264893964,3649137474
2126,268941585,594964616
2127,596236547,60564793
2128,264893964,247952576
2129,459149509,61699842
2130,459149509,445821244
2131,264893964,922741344
2132,54612612,1464322448
2133,54612612,316119873
2134,1934954797,340340362
2135,264893964,3258739375
2136,1934954797,35969668
2137,54612612,1464781146
2138,268941585,304671561
2139,1965742650,35901575
2140,264893964,61699840
2141,1934954797,601843310
2142,54612612,1844038893
2143,5109935753,506325483
2144,54612612,430542897
2145,1934954797,673383908
2146,596236547,39471089
2147,268183529,1479981234
2148,1934954797,309200421
2149,44491058,1987640611
2150,596236547,36160479
2151,264893964,614210780
2152,459149509,36163522
2153,44491058,36163271
2154,459149509,163774802
2155,1934954797,734805902
2156,264893964,3808019680
2157,54612612,6084402619
2158,268183529,10773197342
2159,268941585,3291894843
2160,5109935753,2535259286
2161,5109935753,3792445501
2162,5109935753,3547388485
2163,54612612,2163662154
2164,268183529,671371202
2165,44491058,5505122251
2166,596236547,324714299
2167,264893964,248610762
2168,5109935753,2005071217
2169,54612612,312622124
2170,5109935753,489590996
2171,596236547,293195043
2172,264893964,36419278
2173,44491058,36422490
2174,459149509,43057690
2175,268183529,3519954911
2176,44491058,1709538485
2177,54612612,308194354
2178,268183529,5158587573
2179,264893964,594964537
2180,264893964,4486751768
2181,54612612,10771250365
2182,44491058,564893482
2183,459149509,35969967
2184,268941585,9923881283
2185,44491058,4911917756
2186,459149509,248610762
2187,44491058,319643802
2188,1934954797,751827381
2189,1965742650,3033074995
2190,268941585,9458666901
2191,596236547,9923881278
2192,1965742650,320823363
2193,268941585,293324647
2194,5109935753,255616886
2195,1965742650,448586443
2196,264893964,258757743
2197,264893964,997634406
2198,264893964,39563588
2199,1965742650,313815780
2200,264893964,50493618
2201,54612612,2426445072
2202,44491058,10780478380
2203,44491058,1315964090
2204,264893964,1987640577
2205,268941585,4890376321
2206,54612612,2447031733
2207,459149509,3792445501
2208,268941585,322115108
2209,44491058,61699837
2210,44491058,2535259277
2211,1965742650,427737122
2212,268183529,1844038893
2213,264893964,614210780
2214,1934954797,310109680
2215,268941585,4985246752
2216,268183529,35969668
2217,459149509,50575623
2218,264893964,310109680
2219,268941585,293192698
2220,1965742650,4890376327
2221,1934954797,4396846569
2222,44491058,4890376327
2223,5109935753,2076428531
2224,1934954797,997677032
2225,54612612,255615706
2226,1934954797,310617158
2227,5109935753,10803770951
2228,264893964,614210761
2229,1934954797,1577100388
2230,1965742650,36162455
2231,44491058,506325483
2232,54612612,311911012
2233,596236547,890589707
2234,459149509,9923881278
2235,44491058,293188835
2236,596236547,266720710
2237,54612612,1602093156
2238,268183529,305566637
2239,54612612,2000486634
2240,1965742650,1061662662
2241,5109935753,266720047
2242,1965742650,51295104
2243,1965742650,51295351
2244,1934954797,36158522
2245,54612612,3216655174
2246,44491058,311483842
2247,1934954797,50489322
2248,264893964,39563590
2249,268941585,1850793813
2250,54612612,308304229
2251,596236547,39548787
2252,264893964,315027163
2253,268941585,258758034
2254,264893964,5768533963
2255,268941585,10771250335
2256,268183529,6712595949
2257,268941585,313815781
2258,459149509,303605323
2259,1934954797,2163651902
2260,268183529,4396846569
2261,596236547,2546176571
2262,264893964,311910985
2263,44491058,564893482
2264,1934954797,4486751762
2265,1965742650,318099985
2266,268941585,7907809162
2267,1934954797,293199626
2268,5109935753,310109694
2269,1934954797,4554015726
2270,1934954797,10772935157
2271,268183529,313815783
2272,1934954797,5654193643
2273,268183529,50487729
2274,5109935753,293321311
2275,1965742650,2009690202
2276,264893964,3809727624
2277,264893964,506325483
2278,1965742650,997676832
2279,596236547,10772935149
2280,596236547,311911012
2281,54612612,5287617667
2282,1965742650,319834414
2283,459149509,3245967987
2284,459149509,3216656004
2285,5109935753,293194994
2286,264893964,7210944262
2287,54612612,671395649
2288,268941585,457484052
2289,1934954797,642342917
2290,459149509,3314152322
2291,459149509,1464781100
2292,44491058,313815781
2293,1965742650,36163109
2294,54612612,3067941804
2295,5109935753,266424308
2296,596236547,39683724
2297,54612612,324714299
2298,264893964,266720039
2299,268183529,7532420911
2300,54612612,39661505
2301,5109935753,39469851
2302,264893964,3392238436
2303,596236547,9645510111
2304,459149509,35970178
2305,596236547,2005071274
2306,54612612,2005071192
2307,459149509,36163109
2308,459149509,3068019605
2309,5109935753,43079173
2310,44491058,1992237917
2311,5109935753,39477123
2312,1965742650,36419360
2313,1934954797,4727974072
2314,268183529,4207940427
2315,1934954797,266729332
2316,1934954797,1253685137
2317,44491058,1684397755
2318,596236547,293189688
2319,1934954797,8039663859
2320,268941585,1464781160
2321,5109935753,35970090
2322,268941585,35969967
2323,54612612,1464322280
2324,264893964,266687630
2325,268183529,12443847235
2326,268183529,9785553211
2327,459149509,39681151
2328,54612612,255615706
2329,268941585,4911917756
2330,1965742650,36163269
2331,5109935753,266416915
2332,1965742650,266729320
2333,1965742650,1465455281
2334,54612612,61699835
2335,44491058,5505122252
2336,5109935753,4180874629
2337,1934954797,39661505
2338,5109935753,1465455489
2339,5109935753,427721875
2340,596236547,293199626
2341,268183529,320823368
2342,1965742650,39563590
2343,459149509,1465454990
2344,459149509,3297708508
2345,264893964,268467801
2346,1934954797,35905125
2347,5109935753,255616657
2348,54612612,39533071
2349,1934954797,3547388485
2350,264893964,36421895
2351,1965742650,3216655174
2352,54612612,1851868603
2353,264893964,318097940
2354,268183529,39478500
2355,268941585,1741956138
2356,268941585,13352949823
2357,1934954797,3314171397
2358,268941585,2076428527
2359,268941585,4486751762
2360,1934954797,266424290
2361,596236547,12872667522
2362,596236547,2000514880
2363,54612612,3792446060
2364,459149509,430542896
2365,264893964,35898438
2366,44491058,614187856
2367,264893964,448586437
2368,5109935753,309200421
2369,596236547,35969515
2370,1965742650,615797967
2371,459149509,1693217047
2372,1934954797,40882779
2373,268183529,310109680
2374,268941585,312823863
2375,1934954797,6712595949
2376,596236547,39681151
2377,268183529,5505122246
2378,459149509,6852721101
2379,596236547,10773197338
2380,1965742650,2005071217
2381,1965742650,997634244
2382,459149509,3245967987
2383,268941585,9785553161
2384,596236547,61699835
2385,459149509,422104947
2386,268183529,3467849807
2387,596236547,50575623
2388,54612612,3297708509
2389,459149509,39533066
2390,268183529,293192698
2391,459149509,4207940427
2392,459149509,3247972925
2393,1965742650,5665770444
2394,54612612,1724610691
2395,264893964,309200122
2396,596236547,308194354
2397,268941585,1229304901
2398,1934954797,50457439
2399,1965742650,324714299
2400,268183529,266720047
2401,54612612,255457325
2402,5109935753,60564793
2403,44491058,293427230
2404,1934954797,1987640577
2405,264893964,51294089
2406,54612612,293189479
2407,5109935753,1709538453
2408,596236547,319882107
2409,1965742650,595819688
2410,264893964,2000514842
2411,44491058,5512168817
2412,1934954797,1578543010
2413,1965742650,2376985967
2414,5109935753,1465454749
2415,44491058,511004052
2416,264893964,3245967985
2417,1965742650,35925258
2418,1965742650,1057163165
2419,264893964,3216655995
2420,596236547,36163105
2421,459149509,10972769872
2422,1965742650,4396846569
2423,596236547,10772935152
2424,1934954797,39671388
2425,1934954797,3609197737
2426,268941585,5665770444
2427,596236547,255615372
2428,268941585,3067941804
2429,1934954797,455006413
2430,54612612,39551471
2431,1934954797,9785553142
2432,596236547,36160479
2433,44491058,36162475
2434,54612612,39548784
2435,1934954797,36422290
2436,54612612,321569074
2437,1934954797,914305693
2438,268183529,2000514842
2439,459149509,39551461
2440,268941585,304297703
2441,268183529,3216655744
2442,44491058,258757743
2443,1934954797,3808369368
2444,44491058,673581183
2445,1934954797,340340550
2446,44491058,1911314077
2447,44491058,10773197342
2448,264893964,340340550
2449,1934954797,336250777
2450,5109935753,5884411198
2451,1934954797,3066902271
2452,268183529,60564793
2453,264893964,39551468
2454,264893964,308194352
2455,596236547,3419370226
2456,1965742650,35969668
2457,268941585,50485593
2458,54612612,35925425
2459,5109935753,7837512878
2460,54612612,311910985
2461,268183529,35911653
2462,268183529,304297703
2463,54612612,3820342518
2464,459149509,898921650
2465,264893964,51297181
2466,44491058,1850420464
2467,54612612,36163522
2468,44491058,163774560
2469,44491058,318123318
2470,1934954797,60564785
2471,596236547,39533071
2472,44491058,3066902266
2473,5109935753,50486778
2474,54612612,1465454749
2475,44491058,39547905
2476,54612612,472038468
2477,54612612,3067944371
2478,1965742650,1987640571
2479,264893964,3423261118
2480,54612612,61699835
2481,54612612,1788383726
2482,264893964,322115104
2483,1965742650,3222125925
2484,268183529,248610762
2485,1965742650,3247972925
2486,268183529,599837071
2487,54612612,594964520
2488,5109935753,293321307
2489,54612612,312827148
2490,268941585,3216656005
2491,1965742650,35969515
2492,5109935753,3067941807
2493,54612612,317463756
2494,268941585,36421409
2495,1934954797,2426445080
2496,5109935753,311911012
2497,264893964,7837512878
2498,268941585,1987337325
2499,5109935753,422104947
2500,1934954797,599837071
2501,44491058,303605934
2502,44491058,308304235
2503,596236547,13093194373
2504,596236547,12067622823
2505,1965742650,617554589
2506,5109935753,5884411198
2507,459149509,309200421
2508,1934954797,595819704
2509,1965742650,309200419
2510,1965742650,266720039
2511,44491058,898920378
2512,596236547,1464781160
2513,268183529,7434713891
2514,1965742650,2442536904
2515,596236547,4889499498
2516,596236547,266729319
2517,5109935753,35900118
2518,44491058,35900118
2519,44491058,1854500278
2520,268941585,40876696
2521,268183529,914305752
2522,596236547,36420731
2523,268183529,266097140
2524,596236547,5512168817
2525,268941585,2163662154
2526,268941585,39681716
2527,459149509,266720039
2528,5109935753,36421701
2529,264893964,293418182
2530,1965742650,249072757
2531,268183529,614213400
2532,44491058,6614676133
2533,54612612,3808019680
2534,264893964,309200122
2535,44491058,39535819
2536,44491058,61699842
2537,596236547,1987270927
2538,54612612,35925240
2539,5109935753,3314171397
2540,264893964,3547388902
2541,264893964,35905125
2542,264893964,320823365
2543,1965742650,1850420464
2544,54612612,266729320
2545,459149509,39683397
2546,1965742650,293192165
2547,264893964,36162976
2548,264893964,4207940428
2549,268183529,1856760330
2550,1934954797,8039663859
2551,268941585,36158895
2552,268183529,301457370
2553,54612612,36287974
2554,268183529,3767550191
2555,268183529,5287617667
2556,5109935753,9645510111
2557,264893964,293318957
2558,459149509,330857137
2559,264893964,293199351
2560,596236547,595819688
2561,264893964,3808369368
2562,459149509,599837071
2563,268183529,249072750
2564,459149509,40884689
2565,1965742650,673581169
2566,264893964,5237004359
2567,1965742650,35925624
2568,1965742650,10771250366
2569,268183529,266729320
2570,459149509,255616515
2571,1934954797,3258739374
2572,459149509,310109694
2573,268183529,51294742
2574,596236547,39671388
2575,268183529,2376985968
2576,54612612,1602093072
2577,268941585,3216655459
2578,264893964,39535819
2579,268941585,2979467261
2580,459149509,1709538478
2581,268183529,2442536904
2582,5109935753,268467801
2583,1934954797,35911653
2584,596236547,3547388478
2585,5109935753,10772935152
2586,44491058,914305693
2587,268941585,4911917756
2588,268183529,431734844
2589,264893964,1709538490
2590,459149509,3053445146
2591,1934954797,248610762
2592,54612612,293189476
2593,264893964,642342917
2594,1934954797,898920427
2595,596236547,308727695
2596,268183529,594964492
2597,264893964,338776440
2598,268183529,35911438
2599,44491058,3547388491
2600,1965742650,1851868603
2601,44491058,3399701576
2602,1965742650,35900117
2603,1965742650,10771250353
2604,268941585,35925742
2605,264893964,1464322280
2606,1934954797,1895115980
2607,1934954797,258758034
2608,54612612,36158010
2609,1965742650,4402724050
2610,268183529,4486751768
2611,1965742650,267315576
2612,459149509,340340362
2613,596236547,9487377806
2614,268183529,1581318921
2615,1934954797,1602093072
2616,268183529,10772935157
2617,1934954797,1465454749
2618,268941585,35901575
2619,5109935753,11240741819
2620,44491058,36421701
2621,268941585,4899679047
2622,596236547,5654193643
2623,264893964,318123318
2624,596236547,1464322280
2625,268183529,511004108
2626,5109935753,35900118
2627,44491058,1837336085
2628,1965742650,310109678
2629,54612612,50482984
2630,596236547,12458507711
2631,596236547,40886793
2632,1934954797,1577100389
2633,1934954797,11240741819
2634,1965742650,1288686576
2635,596236547,3216655181
2636,1965742650,11111411332
2637,5109935753,1741950760
2638,459149509,303134529
2639,459149509,50489322
2640,596236547,3291894843
2641,1934954797,1602102599
2642,264893964,311136570
2643,268183529,4486751769
2644,268183529,313815781
2645,459149509,320823363
2646,596236547,8191912982
2647,459149509,3808369368
2648,5109935753,35970177
2649,459149509,2163662119
2650,268941585,36422306
2651,54612612,12390993601
2652,44491058,266720039
2653,1965742650,3673056387
2654,264893964,317463756
2655,596236547,36158522
2656,1934954797,247784659
2657,264893964,2546176571
2658,1965742650,35970090
2659,268183529,445821244
2660,44491058,922741344
2661,459149509,36421895
2662,264893964,914305752
2663,264893964,35925240
2664,264893964,6795668266
2665,268941585,35908449
2666,596236547,12714724930
2667,459149509,43057690
2668,5109935753,35898449
2669,1934954797,36163039
2670,54612612,3067941804
2671,1965742650,3245967985
2672,264893964,317463756
2673,459149509,266720725
2674,268183529,9785553206
2675,1934954797,2000486634
2676,1934954797,4554015719
2677,5109935753,303605731
2678,54612612,1465454749
2679,268183529,293192165
2680,596236547,50486778
2681,1934954797,304297703
2682,1934954797,338976854
2683,54612612,1987270927
2684,1965742650,36421992
2685,54612612,9785553211
2686,1934954797,595819704
2687,1965742650,258758034
2688,5109935753,315027166
2689,54612612,3547388485
2690,268941585,255615371
2691,44491058,701748682
2692,596236547,12968910958
2693,268941585,61690664
2694,264893964,9948802473
2695,596236547,35898449
2696,268941585,315027161
2697,459149509,60564793
2698,264893964,1462937125
2699,1965742650,4554015726
2700,459149509,2447790181
2701,1934954797,35969742
2702,1965742650,9785553162
2703,44491058,36163109
2704,54612612,1602102599
2705,44491058,319834414
2706,44491058,310617158
2707,44491058,594964489
2708,268941585,427721873
2709,268183529,312823863
2710,459149509,668995638
2711,44491058,267315576
2712,459149509,10803770951
2713,54612612,255616657
2714,5109935753,35921172
2715,459149509,40894932
2716,1934954797,12390641700
2717,1934954797,303134423
2718,1934954797,339834598
2719,44491058,671395649
2720,459149509,336262671
2721,54612612,1724610691
2722,1965742650,997677032
2723,268941585,2979467261
2724,459149509,51295351
2725,1965742650,39469832
2726,596236547,617554589
2727,5109935753,4554236575
2728,1934954797,599837071
2729,5109935753,6712595949
2730,264893964,3250945414
2731,1934954797,5831061000
2732,1965742650,163774560
2733,268183529,1709538448
2734,596236547,1724610691
2735,268941585,9785553211
2736,268183529,247787013
2737,5109935753,3029437579
2738,459149509,430542898
2739,44491058,36421678
2740,1965742650,3222125925
2741,596236547,318097940
2742,268941585,36158010
2743,268941585,51297398
2744,596236547,922743166
2745,264893964,3216655729
2746,596236547,293321754
2747,268183529,35907784
2748,1934954797,330857137
2749,1934954797,1464322280
2750,264893964,10780478387
2751,54612612,308194351
2752,54612612,2546176571
2753,264893964,2836799802
2754,596236547,11240741819
2755,268183529,3515301554
2756,5109935753,2005071192
2757,44491058,315027163
2758,44491058,5287617667
2759,1934954797,614210849
2760,459149509,308194354
2761,5109935753,997677032
2762,1934954797,11240741820
2763,268183529,310109694
2764,1965742650,36163039
2765,268941585,594964517
2766,459149509,4873314671
2767,459149509,50458840
2768,268941585,313043471
2769,44491058,255616886
2770,459149509,11240741819
2771,596236547,293317489
2772,264893964,36162050
2773,596236547,35925923
2774,268183529,10771250365
2775,264893964,3792445551
2776,268183529,3649137474
2777,44491058,36421409
2778,5109935753,313815781
2779,54612612,293190977
2780,1934954797,305566637
2781,268183529,50495674
2782,44491058,267252339
2783,268183529,39535819
2784,264893964,2000514880
2785,596236547,3216655995
2786,5109935753,311136570
2787,268941585,2163662154
2788,5109935753,311973099
2789,54612612,1873503186
2790,268183529,3423261121
2791,1965742650,248610762
2792,268941585,320823363
2793,5109935753,5505122246
2794,268941585,594964474
2795,459149509,3258739375
2796,54612612,36422290
2797,459149509,36287974
2798,596236547,310109678
2799,1965742650,1496871937
2800,268183529,10771250380
2801,5109935753,35898438
2802,5109935753,35900118
2803,459149509,6084402616
2804,5109935753,3216655181
2805,1934954797,5158587573
2806,596236547,3808369368
2807,264893964,631527251
2808,1965742650,249072750
2809,1965742650,3066902266
2810,264893964,10780478387
2811,596236547,255616872
2812,596236547,3216655174
2813,264893964,1693217047
2814,596236547,1709538490
2815,1934954797,506325483
2816,1934954797,51297398
2817,268941585,3808369382
2818,268183529,4554236575
2819,5109935753,1995402915
2820,268941585,427737083
2821,459149509,2979467258
2822,264893964,36157582
2823,44491058,4890376327
2824,1934954797,673383908
2825,268183529,12067622816
2826,268941585,266729321
2827,596236547,668037429
2828,268183529,4227989694
2829,268183529,311136570
2830,459149509,35901575
2831,1965742650,422104947
2832,459149509,39661505
2833,54612612,1896550537
2834,268941585,50493623
2835,268183529,64617138
2836,268941585,304671561
2837,268183529,4227989694
2838,264893964,734805803
2839,5109935753,36422487
2840,1934954797,3792445551
2841,459149509,340340550
2842,596236547,36419360
2843,264893964,36162322
2844,54612612,311973070
2845,268941585,997634406
2846,54612612,1854500278
2847,596236547,1602093172
2848,264893964,3012944589
2849,596236547,1156615960
2850,44491058,668995638
2851,264893964,445821244
2852,44491058,12872667512
2853,459149509,36421900
2854,1965742650,601843310
2855,268941585,39548787
2856,268183529,4506636105
2857,264893964,35904913
2858,1934954797,35901575
2859,264893964,3808369382
2860,44491058,1987640586
2861,1965742650,39548787
2862,1965742650,3066373314
2863,459149509,1464781146
2864,1934954797,255616657
2865,54612612,594964474
2866,268183529,36157582
2867,1934954797,1723674719
2868,459149509,703866881
2869,1965742650,3547388491
2870,5109935753,267315576
2871,44491058,293195043
2872,268941585,35904913
2873,268183529,293194162
2874,54612612,9785553162
2875,264893964,12067622826
2876,1934954797,1462937125
2877,44491058,663603123
2878,268941585,1253685137
2879,264893964,2009690202
2880,596236547,3314152322
2881,264893964,1741950760
2882,268183529,12714724931
2883,54612612,35970177
2884,1934954797,36163271
2885,1934954797,266729327
2886,1934954797,10803770951
2887,268941585,427737122
2888,596236547,61699840
2889,268941585,36163019
2890,44491058,322115108
2891,268941585,51294091
2892,264893964,422104948
2893,1965742650,255616515
2894,268941585,318096110
2895,268941585,308187759
2896,268941585,1464781123
2897,596236547,5512168817
2898,268941585,594964492
2899,1965742650,5653958834
2900,268183529,922741344
2901,268941585,35898206
2902,1934954797,427737122
2903,1934954797,7837512878
2904,5109935753,1856760330
2905,596236547,4227989694
2906,268941585,1325099820
2907,44491058,997676615
2908,268183529,1709544717
2909,264893964,50493618
2910,459149509,36160479
2911,1934954797,99960924
2912,1965742650,1955886868
2913,459149509,5831060995
2914,54612612,319882107
2915,1965742650,310109644
2916,1965742650,35900118
2917,264893964,594964479
2918,264893964,3067944371
2919,264893964,12391131833
2920,44491058,312622220
2921,5109935753,39680916
2922,596236547,258757743
2923,5109935753,594964533
2924,268183529,303298819
2925,1965742650,5018754927
2926,264893964,9785553162
2927,1965742650,36157597
2928,44491058,1856760330
2929,44491058,1229304901
2930,44491058,613506048
2931,1965742650,319643802
2932,268183529,36163231
2933,459149509,2000514842
2934,1934954797,922741344
2935,54612612,9923881283
2936,596236547,266687630
2937,459149509,671950420
2938,268183529,255615372
2939,5109935753,51297177
2940,1965742650,4889409452
2941,1934954797,311973064
2942,596236547,4506636105
2943,44491058,318097743
2944,264893964,2426445080
2945,268941585,1854500278
2946,459149509,247464238
2947,264893964,10803770951
2948,459149509,1602102599
2949,54612612,36162455
2950,264893964,3547388491
2951,1934954797,4207940427
2952,264893964,9487377806
2953,1934954797,9785553211
2954,54612612,673383908
2955,459149509,13296382062
2956,1934954797,734805803
2957,596236547,308187759
2958,264893964,997676909
2959,264893964,3314152326
2960,264893964,247784659
2961,268941585,1581318921
2962,268183529,457484052
2963,268941585,308194351
2964,459149509,734805902
2965,44491058,310617160
2966,459149509,35969506
2967,459149509,617555276
2968,596236547,9458666901
2969,1965742650,922743153
2970,268183529,422104948
2971,54612612,7907809159
2972,5109935753,322115104
2973,5109935753,4486751769
2974,459149509,310109680
2975,5109935753,36158017
2976,264893964,7210944262
2977,1934954797,39681151
2978,1965742650,3067941807
2979,5109935753,308190609
2980,5109935753,3649137474
2981,268183529,9785553206
2982,268941585,36422419
2983,5109935753,303134529
2984,268183529,5654193643
2985,268941585,1850420464
2986,264893964,11111411337
2987,1934954797,313815781
2988,44491058,1577100389
2989,1934954797,431734840
2990,1934954797,599837071
2991,268941585,5653958834
2992,54612612,3012944589
2993,264893964,1583945849
2994,1934954797,293199351
2995,459149509,9785553137
2996,44491058,308727692
2997,5109935753,431734844
2998,459149509,39543259
2999,596236547,1861956893
